channel,bin,nominal_frequency_hz,magnitude
0,0,0.0,0.0
0,1,97.65625,0.0
0,2,195.3125,0.0
0,3,292.96875,0.0
0,4,390.625,0.0
0,5,488.28125,0.0
0,6,585.9375,0.0
0,7,683.59375,0.0
0,8,781.25,0.0
0,9,878.90625,0.2
0,10,976.5625,0.4
0,11,1074.21875,0.2
0,12,1171.875,0.0
0,13,1269.53125,0.0
0,14,1367.1875,0.0
0,15,1464.84375,0.0
0,16,1562.5,0.0
0,17,1660.15625,0.0
0,18,1757.8125,0.0
0,19,1855.46875,0.0
0,20,1953.125,0.0
0,21,2050.78125,0.0
0,22,2148.4375,0.0
0,23,2246.09375,0.0
0,24,2343.75,0.0
0,25,2441.40625,0.0
0,26,2539.0625,0.0
0,27,2636.71875,0.0
0,28,2734.375,0.0
0,29,2832.03125,0.0
0,30,2929.6875,0.0
0,31,3027.34375,0.0
0,32,3125.0,0.0
0,33,3222.65625,0.0
0,34,3320.3125,0.0
0,35,3417.96875,0.0
0,36,3515.625,0.0
0,37,3613.28125,0.0
0,38,3710.9375,0.0
0,39,3808.59375,0.0
0,40,3906.25,0.0
0,41,4003.90625,0.0
0,42,4101.5625,0.0
0,43,4199.21875,0.0
0,44,4296.875,0.0
0,45,4394.53125,0.0
0,46,4492.1875,0.0
0,47,4589.84375,0.0
0,48,4687.5,0.0
0,49,4785.15625,0.0
0,50,4882.8125,0.0
0,51,4980.46875,0.0
0,52,5078.125,0.0
0,53,5175.78125,0.0
0,54,5273.4375,0.0
0,55,5371.09375,0.0
0,56,5468.75,0.0
0,57,5566.40625,0.0
0,58,5664.0625,0.0
0,59,5761.71875,0.0
0,60,5859.375,0.0
0,61,5957.03125,0.0
0,62,6054.6875,0.0
0,63,6152.34375,0.0
0,64,6250.0,0.0
0,65,6347.65625,0.0
0,66,6445.3125,0.0
0,67,6542.96875,0.0
0,68,6640.625,0.0
0,69,6738.28125,0.0
0,70,6835.9375,0.0
0,71,6933.59375,0.0
0,72,7031.25,0.0
0,73,7128.90625,0.0
0,74,7226.5625,0.0
0,75,7324.21875,0.0
0,76,7421.875,0.0
0,77,7519.53125,0.0
0,78,7617.1875,0.0
0,79,7714.84375,0.0
0,80,7812.5,0.0
0,81,7910.15625,0.0
0,82,8007.8125,0.0
0,83,8105.46875,0.0
0,84,8203.125,0.0
0,85,8300.78125,0.0
0,86,8398.4375,0.0
0,87,8496.09375,0.0
0,88,8593.75,0.0
0,89,8691.40625,0.0
0,90,8789.0625,0.0
0,91,8886.71875,0.0
0,92,8984.375,0.0
0,93,9082.03125,0.0
0,94,9179.6875,0.0
0,95,9277.34375,0.0
0,96,9375.0,0.0
0,97,9472.65625,0.0
0,98,9570.3125,0.0
0,99,9667.96875,0.0
0,100,9765.625,0.0
0,101,9863.28125,0.0
0,102,9960.9375,0.0
0,103,10058.59375,0.0
0,104,10156.25,0.0
0,105,10253.90625,0.0
0,106,10351.5625,0.0
0,107,10449.21875,0.0
0,108,10546.875,0.0
0,109,10644.53125,0.0
0,110,10742.1875,0.0
0,111,10839.84375,0.0
0,112,10937.5,0.0
0,113,11035.15625,0.0
0,114,11132.8125,0.0
0,115,11230.46875,0.0
0,116,11328.125,0.0
0,117,11425.78125,0.0
0,118,11523.4375,0.0
0,119,11621.09375,0.0
0,120,11718.75,0.0
0,121,11816.40625,0.0
0,122,11914.0625,0.0
0,123,12011.71875,0.0
0,124,12109.375,0.0
0,125,12207.03125,0.0
0,126,12304.6875,0.0
0,127,12402.34375,0.0
0,128,12500.0,0.0
0,129,12597.65625,0.0
0,130,12695.3125,0.0
0,131,12792.96875,0.0
0,132,12890.625,0.0
0,133,12988.28125,0.0
0,134,13085.9375,0.0
0,135,13183.59375,0.0
0,136,13281.25,0.0
0,137,13378.90625,0.0
0,138,13476.5625,0.0
0,139,13574.21875,0.0
0,140,13671.875,0.0
0,141,13769.53125,0.0
0,142,13867.1875,0.0
0,143,13964.84375,0.0
0,144,14062.5,0.0
0,145,14160.15625,0.0
0,146,14257.8125,0.0
0,147,14355.46875,0.0
0,148,14453.125,0.0
0,149,14550.78125,0.0
0,150,14648.4375,0.0
0,151,14746.09375,0.0
0,152,14843.75,0.0
0,153,14941.40625,0.0
0,154,15039.0625,0.0
0,155,15136.71875,0.0
0,156,15234.375,0.0
0,157,15332.03125,0.0
0,158,15429.6875,0.0
0,159,15527.34375,0.0
0,160,15625.0,0.0
0,161,15722.65625,0.0
0,162,15820.3125,0.0
0,163,15917.96875,0.0
0,164,16015.625,0.0
0,165,16113.28125,0.0
0,166,16210.9375,0.0
0,167,16308.59375,0.0
0,168,16406.25,0.0
0,169,16503.90625,0.0
0,170,16601.5625,0.0
0,171,16699.21875,0.0
0,172,16796.875,0.0
0,173,16894.53125,0.0
0,174,16992.1875,0.0
0,175,17089.84375,0.0
0,176,17187.5,0.0
0,177,17285.15625,0.0
0,178,17382.8125,0.0
0,179,17480.46875,0.0
0,180,17578.125,0.0
0,181,17675.78125,0.0
0,182,17773.4375,0.0
0,183,17871.09375,0.0
0,184,17968.75,0.0
0,185,18066.40625,0.0
0,186,18164.0625,0.0
0,187,18261.71875,0.0
0,188,18359.375,0.0
0,189,18457.03125,0.0
0,190,18554.6875,0.0
0,191,18652.34375,0.0
0,192,18750.0,0.0
0,193,18847.65625,0.0
0,194,18945.3125,0.0
0,195,19042.96875,0.0
0,196,19140.625,0.0
0,197,19238.28125,0.0
0,198,19335.9375,0.0
0,199,19433.59375,0.0
0,200,19531.25,0.0
0,201,19628.90625,0.0
0,202,19726.5625,0.0
0,203,19824.21875,0.0
0,204,19921.875,0.0
0,205,20019.53125,0.0
0,206,20117.1875,0.0
0,207,20214.84375,0.0
0,208,20312.5,0.0
0,209,20410.15625,0.0
0,210,20507.8125,0.0
0,211,20605.46875,0.0
0,212,20703.125,0.0
0,213,20800.78125,0.0
0,214,20898.4375,0.0
0,215,20996.09375,0.0
0,216,21093.75,0.0
0,217,21191.40625,0.0
0,218,21289.0625,0.0
0,219,21386.71875,0.0
0,220,21484.375,0.0
0,221,21582.03125,0.0
0,222,21679.6875,0.0
0,223,21777.34375,0.0
0,224,21875.0,0.0
0,225,21972.65625,0.0
0,226,22070.3125,0.0
0,227,22167.96875,0.0
0,228,22265.625,0.0
0,229,22363.28125,0.0
0,230,22460.9375,0.0
0,231,22558.59375,0.0
0,232,22656.25,0.0
0,233,22753.90625,0.0
0,234,22851.5625,0.0
0,235,22949.21875,0.0
0,236,23046.875,0.0
0,237,23144.53125,0.0
0,238,23242.1875,0.0
0,239,23339.84375,0.0
0,240,23437.5,0.0
0,241,23535.15625,0.0
0,242,23632.8125,0.0
0,243,23730.46875,0.0
0,244,23828.125,0.0
0,245,23925.78125,0.0
0,246,24023.4375,0.0
0,247,24121.09375,0.0
0,248,24218.75,0.0
0,249,24316.40625,0.0
0,250,24414.0625,0.0
0,251,24511.71875,0.0
0,252,24609.375,0.0
0,253,24707.03125,0.0
0,254,24804.6875,0.0
0,255,24902.34375,0.0
0,256,25000.0,0.0
0,257,25097.65625,0.0
0,258,25195.3125,0.0
0,259,25292.96875,0.0
0,260,25390.625,0.0
0,261,25488.28125,0.0
0,262,25585.9375,0.0
0,263,25683.59375,0.0
0,264,25781.25,0.0
0,265,25878.90625,0.0
0,266,25976.5625,0.0
0,267,26074.21875,0.0
0,268,26171.875,0.0
0,269,26269.53125,0.0
0,270,26367.1875,0.0
0,271,26464.84375,0.0
0,272,26562.5,0.0
0,273,26660.15625,0.0
0,274,26757.8125,0.0
0,275,26855.46875,0.0
0,276,26953.125,0.0
0,277,27050.78125,0.0
0,278,27148.4375,0.0
0,279,27246.09375,0.0
0,280,27343.75,0.0
0,281,27441.40625,0.0
0,282,27539.0625,0.0
0,283,27636.71875,0.0
0,284,27734.375,0.0
0,285,27832.03125,0.0
0,286,27929.6875,0.0
0,287,28027.34375,0.0
0,288,28125.0,0.0
0,289,28222.65625,0.0
0,290,28320.3125,0.0
0,291,28417.96875,0.0
0,292,28515.625,0.0
0,293,28613.28125,0.0
0,294,28710.9375,0.0
0,295,28808.59375,0.0
0,296,28906.25,0.0
0,297,29003.90625,0.0
0,298,29101.5625,0.0
0,299,29199.21875,0.0
0,300,29296.875,0.0
0,301,29394.53125,0.0
0,302,29492.1875,0.0
0,303,29589.84375,0.0
0,304,29687.5,0.0
0,305,29785.15625,0.0
0,306,29882.8125,0.0
0,307,29980.46875,0.0
0,308,30078.125,0.0
0,309,30175.78125,0.0
0,310,30273.4375,0.0
0,311,30371.09375,0.0
0,312,30468.75,0.0
0,313,30566.40625,0.0
0,314,30664.0625,0.0
0,315,30761.71875,0.0
0,316,30859.375,0.0
0,317,30957.03125,0.0
0,318,31054.6875,0.0
0,319,31152.34375,0.0
0,320,31250.0,0.0
0,321,31347.65625,0.0
0,322,31445.3125,0.0
0,323,31542.96875,0.0
0,324,31640.625,0.0
0,325,31738.28125,0.0
0,326,31835.9375,0.0
0,327,31933.59375,0.0
0,328,32031.25,0.0
0,329,32128.90625,0.0
0,330,32226.5625,0.0
0,331,32324.21875,0.0
0,332,32421.875,0.0
0,333,32519.53125,0.0
0,334,32617.1875,0.0
0,335,32714.84375,0.0
0,336,32812.5,0.0
0,337,32910.15625,0.0
0,338,33007.8125,0.0
0,339,33105.46875,0.0
0,340,33203.125,0.0
0,341,33300.78125,0.0
0,342,33398.4375,0.0
0,343,33496.09375,0.0
0,344,33593.75,0.0
0,345,33691.40625,0.0
0,346,33789.0625,0.0
0,347,33886.71875,0.0
0,348,33984.375,0.0
0,349,34082.03125,0.0
0,350,34179.6875,0.0
0,351,34277.34375,0.0
0,352,34375.0,0.0
0,353,34472.65625,0.0
0,354,34570.3125,0.0
0,355,34667.96875,0.0
0,356,34765.625,0.0
0,357,34863.28125,0.0
0,358,34960.9375,0.0
0,359,35058.59375,0.0
0,360,35156.25,0.0
0,361,35253.90625,0.0
0,362,35351.5625,0.0
0,363,35449.21875,0.0
0,364,35546.875,0.0
0,365,35644.53125,0.0
0,366,35742.1875,0.0
0,367,35839.84375,0.0
0,368,35937.5,0.0
0,369,36035.15625,0.0
0,370,36132.8125,0.0
0,371,36230.46875,0.0
0,372,36328.125,0.0
0,373,36425.78125,0.0
0,374,36523.4375,0.0
0,375,36621.09375,0.0
0,376,36718.75,0.0
0,377,36816.40625,0.0
0,378,36914.0625,0.0
0,379,37011.71875,0.0
0,380,37109.375,0.0
0,381,37207.03125,0.0
0,382,37304.6875,0.0
0,383,37402.34375,0.0
0,384,37500.0,0.0
0,385,37597.65625,0.0
0,386,37695.3125,0.0
0,387,37792.96875,0.0
0,388,37890.625,0.0
0,389,37988.28125,0.0
0,390,38085.9375,0.0
0,391,38183.59375,0.0
0,392,38281.25,0.0
0,393,38378.90625,0.0
0,394,38476.5625,0.0
0,395,38574.21875,0.0
0,396,38671.875,0.0
0,397,38769.53125,0.0
0,398,38867.1875,0.0
0,399,38964.84375,0.0
0,400,39062.5,0.0
0,401,39160.15625,0.0
0,402,39257.8125,0.0
0,403,39355.46875,0.0
0,404,39453.125,0.0
0,405,39550.78125,0.0
0,406,39648.4375,0.0
0,407,39746.09375,0.0
0,408,39843.75,0.0
0,409,39941.40625,0.0
0,410,40039.0625,0.0
0,411,40136.71875,0.0
0,412,40234.375,0.0
0,413,40332.03125,0.0
0,414,40429.6875,0.0
0,415,40527.34375,0.0
0,416,40625.0,0.0
0,417,40722.65625,0.0
0,418,40820.3125,0.0
0,419,40917.96875,0.0
0,420,41015.625,0.0
0,421,41113.28125,0.0
0,422,41210.9375,0.0
0,423,41308.59375,0.0
0,424,41406.25,0.0
0,425,41503.90625,0.0
0,426,41601.5625,0.0
0,427,41699.21875,0.0
0,428,41796.875,0.0
0,429,41894.53125,0.0
0,430,41992.1875,0.0
0,431,42089.84375,0.0
0,432,42187.5,0.0
0,433,42285.15625,0.0
0,434,42382.8125,0.0
0,435,42480.46875,0.0
0,436,42578.125,0.0
0,437,42675.78125,0.0
0,438,42773.4375,0.0
0,439,42871.09375,0.0
0,440,42968.75,0.0
0,441,43066.40625,0.0
0,442,43164.0625,0.0
0,443,43261.71875,0.0
0,444,43359.375,0.0
0,445,43457.03125,0.0
0,446,43554.6875,0.0
0,447,43652.34375,0.0
0,448,43750.0,0.0
0,449,43847.65625,0.0
0,450,43945.3125,0.0
0,451,44042.96875,0.0
0,452,44140.625,0.0
0,453,44238.28125,0.0
0,454,44335.9375,0.0
0,455,44433.59375,0.0
0,456,44531.25,0.0
0,457,44628.90625,0.0
0,458,44726.5625,0.0
0,459,44824.21875,0.0
0,460,44921.875,0.0
0,461,45019.53125,0.0
0,462,45117.1875,0.0
0,463,45214.84375,0.0
0,464,45312.5,0.0
0,465,45410.15625,0.0
0,466,45507.8125,0.0
0,467,45605.46875,0.0
0,468,45703.125,0.0
0,469,45800.78125,0.0
0,470,45898.4375,0.0
0,471,45996.09375,0.0
0,472,46093.75,0.0
0,473,46191.40625,0.0
0,474,46289.0625,0.0
0,475,46386.71875,0.0
0,476,46484.375,0.0
0,477,46582.03125,0.0
0,478,46679.6875,0.0
0,479,46777.34375,0.0
0,480,46875.0,0.0
0,481,46972.65625,0.0
0,482,47070.3125,0.0
0,483,47167.96875,0.0
0,484,47265.625,0.0
0,485,47363.28125,0.0
0,486,47460.9375,0.0
0,487,47558.59375,0.0
0,488,47656.25,0.0
0,489,47753.90625,0.0
0,490,47851.5625,0.0
0,491,47949.21875,0.0
0,492,48046.875,0.0
0,493,48144.53125,0.0
0,494,48242.1875,0.0
0,495,48339.84375,0.0
0,496,48437.5,0.0
0,497,48535.15625,0.0
0,498,48632.8125,0.0
0,499,48730.46875,0.0
0,500,48828.125,0.0
0,501,48925.78125,0.0
0,502,49023.4375,0.0
0,503,49121.09375,0.0
0,504,49218.75,0.0
0,505,49316.40625,0.0
0,506,49414.0625,0.0
0,507,49511.71875,0.0
0,508,49609.375,0.0
0,509,49707.03125,0.0
0,510,49804.6875,0.0
0,511,49902.34375,0.0
1,0,0.0,0.0
1,1,97.65625,0.0
1,2,195.3125,0.0
1,3,292.96875,0.0
1,4,390.625,0.0
1,5,488.28125,0.0
1,6,585.9375,0.0
1,7,683.59375,0.0
1,8,781.25,0.0
1,9,878.90625,0.2
1,10,976.5625,0.4
1,11,1074.21875,0.2
1,12,1171.875,0.0
1,13,1269.53125,0.0
1,14,1367.1875,0.0
1,15,1464.84375,0.0
1,16,1562.5,0.0
1,17,1660.15625,0.0
1,18,1757.8125,0.0
1,19,1855.46875,0.0
1,20,1953.125,0.0
1,21,2050.78125,0.0
1,22,2148.4375,0.0
1,23,2246.09375,0.0
1,24,2343.75,0.0
1,25,2441.40625,0.0
1,26,2539.0625,0.0
1,27,2636.71875,0.0
1,28,2734.375,0.0
1,29,2832.03125,0.0
1,30,2929.6875,0.0
1,31,3027.34375,0.0
1,32,3125.0,0.0
1,33,3222.65625,0.0
1,34,3320.3125,0.0
1,35,3417.96875,0.0
1,36,3515.625,0.0
1,37,3613.28125,0.0
1,38,3710.9375,0.0
1,39,3808.59375,0.0
1,40,3906.25,0.0
1,41,4003.90625,0.0
1,42,4101.5625,0.0
1,43,4199.21875,0.0
1,44,4296.875,0.0
1,45,4394.53125,0.0
1,46,4492.1875,0.0
1,47,4589.84375,0.0
1,48,4687.5,0.0
1,49,4785.15625,0.0
1,50,4882.8125,0.0
1,51,4980.46875,0.0
1,52,5078.125,0.0
1,53,5175.78125,0.0
1,54,5273.4375,0.0
1,55,5371.09375,0.0
1,56,5468.75,0.0
1,57,5566.40625,0.0
1,58,5664.0625,0.0
1,59,5761.71875,0.0
1,60,5859.375,0.0
1,61,5957.03125,0.0
1,62,6054.6875,0.0
1,63,6152.34375,0.0
1,64,6250.0,0.0
1,65,6347.65625,0.0
1,66,6445.3125,0.0
1,67,6542.96875,0.0
1,68,6640.625,0.0
1,69,6738.28125,0.0
1,70,6835.9375,0.0
1,71,6933.59375,0.0
1,72,7031.25,0.0
1,73,7128.90625,0.0
1,74,7226.5625,0.0
1,75,7324.21875,0.0
1,76,7421.875,0.0
1,77,7519.53125,0.0
1,78,7617.1875,0.0
1,79,7714.84375,0.0
1,80,7812.5,0.0
1,81,7910.15625,0.0
1,82,8007.8125,0.0
1,83,8105.46875,0.0
1,84,8203.125,0.0
1,85,8300.78125,0.0
1,86,8398.4375,0.0
1,87,8496.09375,0.0
1,88,8593.75,0.0
1,89,8691.40625,0.0
1,90,8789.0625,0.0
1,91,8886.71875,0.0
1,92,8984.375,0.0
1,93,9082.03125,0.0
1,94,9179.6875,0.0
1,95,9277.34375,0.0
1,96,9375.0,0.0
1,97,9472.65625,0.0
1,98,9570.3125,0.0
1,99,9667.96875,0.0
1,100,9765.625,0.0
1,101,9863.28125,0.0
1,102,9960.9375,0.0
1,103,10058.59375,0.0
1,104,10156.25,0.0
1,105,10253.90625,0.0
1,106,10351.5625,0.0
1,107,10449.21875,0.0
1,108,10546.875,0.0
1,109,10644.53125,0.0
1,110,10742.1875,0.0
1,111,10839.84375,0.0
1,112,10937.5,0.0
1,113,11035.15625,0.0
1,114,11132.8125,0.0
1,115,11230.46875,0.0
1,116,11328.125,0.0
1,117,11425.78125,0.0
1,118,11523.4375,0.0
1,119,11621.09375,0.0
1,120,11718.75,0.0
1,121,11816.40625,0.0
1,122,11914.0625,0.0
1,123,12011.71875,0.0
1,124,12109.375,0.0
1,125,12207.03125,0.0
1,126,12304.6875,0.0
1,127,12402.34375,0.0
1,128,12500.0,0.0
1,129,12597.65625,0.0
1,130,12695.3125,0.0
1,131,12792.96875,0.0
1,132,12890.625,0.0
1,133,12988.28125,0.0
1,134,13085.9375,0.0
1,135,13183.59375,0.0
1,136,13281.25,0.0
1,137,13378.90625,0.0
1,138,13476.5625,0.0
1,139,13574.21875,0.0
1,140,13671.875,0.0
1,141,13769.53125,0.0
1,142,13867.1875,0.0
1,143,13964.84375,0.0
1,144,14062.5,0.0
1,145,14160.15625,0.0
1,146,14257.8125,0.0
1,147,14355.46875,0.0
1,148,14453.125,0.0
1,149,14550.78125,0.0
1,150,14648.4375,0.0
1,151,14746.09375,0.0
1,152,14843.75,0.0
1,153,14941.40625,0.0
1,154,15039.0625,0.0
1,155,15136.71875,0.0
1,156,15234.375,0.0
1,157,15332.03125,0.0
1,158,15429.6875,0.0
1,159,15527.34375,0.0
1,160,15625.0,0.0
1,161,15722.65625,0.0
1,162,15820.3125,0.0
1,163,15917.96875,0.0
1,164,16015.625,0.0
1,165,16113.28125,0.0
1,166,16210.9375,0.0
1,167,16308.59375,0.0
1,168,16406.25,0.0
1,169,16503.90625,0.0
1,170,16601.5625,0.0
1,171,16699.21875,0.0
1,172,16796.875,0.0
1,173,16894.53125,0.0
1,174,16992.1875,0.0
1,175,17089.84375,0.0
1,176,17187.5,0.0
1,177,17285.15625,0.0
1,178,17382.8125,0.0
1,179,17480.46875,0.0
1,180,17578.125,0.0
1,181,17675.78125,0.0
1,182,17773.4375,0.0
1,183,17871.09375,0.0
1,184,17968.75,0.0
1,185,18066.40625,0.0
1,186,18164.0625,0.0
1,187,18261.71875,0.0
1,188,18359.375,0.0
1,189,18457.03125,0.0
1,190,18554.6875,0.0
1,191,18652.34375,0.0
1,192,18750.0,0.0
1,193,18847.65625,0.0
1,194,18945.3125,0.0
1,195,19042.96875,0.0
1,196,19140.625,0.0
1,197,19238.28125,0.0
1,198,19335.9375,0.0
1,199,19433.59375,0.0
1,200,19531.25,0.0
1,201,19628.90625,0.0
1,202,19726.5625,0.0
1,203,19824.21875,0.0
1,204,19921.875,0.0
1,205,20019.53125,0.0
1,206,20117.1875,0.0
1,207,20214.84375,0.0
1,208,20312.5,0.0
1,209,20410.15625,0.0
1,210,20507.8125,0.0
1,211,20605.46875,0.0
1,212,20703.125,0.0
1,213,20800.78125,0.0
1,214,20898.4375,0.0
1,215,20996.09375,0.0
1,216,21093.75,0.0
1,217,21191.40625,0.0
1,218,21289.0625,0.0
1,219,21386.71875,0.0
1,220,21484.375,0.0
1,221,21582.03125,0.0
1,222,21679.6875,0.0
1,223,21777.34375,0.0
1,224,21875.0,0.0
1,225,21972.65625,0.0
1,226,22070.3125,0.0
1,227,22167.96875,0.0
1,228,22265.625,0.0
1,229,22363.28125,0.0
1,230,22460.9375,0.0
1,231,22558.59375,0.0
1,232,22656.25,0.0
1,233,22753.90625,0.0
1,234,22851.5625,0.0
1,235,22949.21875,0.0
1,236,23046.875,0.0
1,237,23144.53125,0.0
1,238,23242.1875,0.0
1,239,23339.84375,0.0
1,240,23437.5,0.0
1,241,23535.15625,0.0
1,242,23632.8125,0.0
1,243,23730.46875,0.0
1,244,23828.125,0.0
1,245,23925.78125,0.0
1,246,24023.4375,0.0
1,247,24121.09375,0.0
1,248,24218.75,0.0
1,249,24316.40625,0.0
1,250,24414.0625,0.0
1,251,24511.71875,0.0
1,252,24609.375,0.0
1,253,24707.03125,0.0
1,254,24804.6875,0.0
1,255,24902.34375,0.0
1,256,25000.0,0.0
1,257,25097.65625,0.0
1,258,25195.3125,0.0
1,259,25292.96875,0.0
1,260,25390.625,0.0
1,261,25488.28125,0.0
1,262,25585.9375,0.0
1,263,25683.59375,0.0
1,264,25781.25,0.0
1,265,25878.90625,0.0
1,266,25976.5625,0.0
1,267,26074.21875,0.0
1,268,26171.875,0.0
1,269,26269.53125,0.0
1,270,26367.1875,0.0
1,271,26464.84375,0.0
1,272,26562.5,0.0
1,273,26660.15625,0.0
1,274,26757.8125,0.0
1,275,26855.46875,0.0
1,276,26953.125,0.0
1,277,27050.78125,0.0
1,278,27148.4375,0.0
1,279,27246.09375,0.0
1,280,27343.75,0.0
1,281,27441.40625,0.0
1,282,27539.0625,0.0
1,283,27636.71875,0.0
1,284,27734.375,0.0
1,285,27832.03125,0.0
1,286,27929.6875,0.0
1,287,28027.34375,0.0
1,288,28125.0,0.0
1,289,28222.65625,0.0
1,290,28320.3125,0.0
1,291,28417.96875,0.0
1,292,28515.625,0.0
1,293,28613.28125,0.0
1,294,28710.9375,0.0
1,295,28808.59375,0.0
1,296,28906.25,0.0
1,297,29003.90625,0.0
1,298,29101.5625,0.0
1,299,29199.21875,0.0
1,300,29296.875,0.0
1,301,29394.53125,0.0
1,302,29492.1875,0.0
1,303,29589.84375,0.0
1,304,29687.5,0.0
1,305,29785.15625,0.0
1,306,29882.8125,0.0
1,307,29980.46875,0.0
1,308,30078.125,0.0
1,309,30175.78125,0.0
1,310,30273.4375,0.0
1,311,30371.09375,0.0
1,312,30468.75,0.0
1,313,30566.40625,0.0
1,314,30664.0625,0.0
1,315,30761.71875,0.0
1,316,30859.375,0.0
1,317,30957.03125,0.0
1,318,31054.6875,0.0
1,319,31152.34375,0.0
1,320,31250.0,0.0
1,321,31347.65625,0.0
1,322,31445.3125,0.0
1,323,31542.96875,0.0
1,324,31640.625,0.0
1,325,31738.28125,0.0
1,326,31835.9375,0.0
1,327,31933.59375,0.0
1,328,32031.25,0.0
1,329,32128.90625,0.0
1,330,32226.5625,0.0
1,331,32324.21875,0.0
1,332,32421.875,0.0
1,333,32519.53125,0.0
1,334,32617.1875,0.0
1,335,32714.84375,0.0
1,336,32812.5,0.0
1,337,32910.15625,0.0
1,338,33007.8125,0.0
1,339,33105.46875,0.0
1,340,33203.125,0.0
1,341,33300.78125,0.0
1,342,33398.4375,0.0
1,343,33496.09375,0.0
1,344,33593.75,0.0
1,345,33691.40625,0.0
1,346,33789.0625,0.0
1,347,33886.71875,0.0
1,348,33984.375,0.0
1,349,34082.03125,0.0
1,350,34179.6875,0.0
1,351,34277.34375,0.0
1,352,34375.0,0.0
1,353,34472.65625,0.0
1,354,34570.3125,0.0
1,355,34667.96875,0.0
1,356,34765.625,0.0
1,357,34863.28125,0.0
1,358,34960.9375,0.0
1,359,35058.59375,0.0
1,360,35156.25,0.0
1,361,35253.90625,0.0
1,362,35351.5625,0.0
1,363,35449.21875,0.0
1,364,35546.875,0.0
1,365,35644.53125,0.0
1,366,35742.1875,0.0
1,367,35839.84375,0.0
1,368,35937.5,0.0
1,369,36035.15625,0.0
1,370,36132.8125,0.0
1,371,36230.46875,0.0
1,372,36328.125,0.0
1,373,36425.78125,0.0
1,374,36523.4375,0.0
1,375,36621.09375,0.0
1,376,36718.75,0.0
1,377,36816.40625,0.0
1,378,36914.0625,0.0
1,379,37011.71875,0.0
1,380,37109.375,0.0
1,381,37207.03125,0.0
1,382,37304.6875,0.0
1,383,37402.34375,0.0
1,384,37500.0,0.0
1,385,37597.65625,0.0
1,386,37695.3125,0.0
1,387,37792.96875,0.0
1,388,37890.625,0.0
1,389,37988.28125,0.0
1,390,38085.9375,0.0
1,391,38183.59375,0.0
1,392,38281.25,0.0
1,393,38378.90625,0.0
1,394,38476.5625,0.0
1,395,38574.21875,0.0
1,396,38671.875,0.0
1,397,38769.53125,0.0
1,398,38867.1875,0.0
1,399,38964.84375,0.0
1,400,39062.5,0.0
1,401,39160.15625,0.0
1,402,39257.8125,0.0
1,403,39355.46875,0.0
1,404,39453.125,0.0
1,405,39550.78125,0.0
1,406,39648.4375,0.0
1,407,39746.09375,0.0
1,408,39843.75,0.0
1,409,39941.40625,0.0
1,410,40039.0625,0.0
1,411,40136.71875,0.0
1,412,40234.375,0.0
1,413,40332.03125,0.0
1,414,40429.6875,0.0
1,415,40527.34375,0.0
1,416,40625.0,0.0
1,417,40722.65625,0.0
1,418,40820.3125,0.0
1,419,40917.96875,0.0
1,420,41015.625,0.0
1,421,41113.28125,0.0
1,422,41210.9375,0.0
1,423,41308.59375,0.0
1,424,41406.25,0.0
1,425,41503.90625,0.0
1,426,41601.5625,0.0
1,427,41699.21875,0.0
1,428,41796.875,0.0
1,429,41894.53125,0.0
1,430,41992.1875,0.0
1,431,42089.84375,0.0
1,432,42187.5,0.0
1,433,42285.15625,0.0
1,434,42382.8125,0.0
1,435,42480.46875,0.0
1,436,42578.125,0.0
1,437,42675.78125,0.0
1,438,42773.4375,0.0
1,439,42871.09375,0.0
1,440,42968.75,0.0
1,441,43066.40625,0.0
1,442,43164.0625,0.0
1,443,43261.71875,0.0
1,444,43359.375,0.0
1,445,43457.03125,0.0
1,446,43554.6875,0.0
1,447,43652.34375,0.0
1,448,43750.0,0.0
1,449,43847.65625,0.0
1,450,43945.3125,0.0
1,451,44042.96875,0.0
1,452,44140.625,0.0
1,453,44238.28125,0.0
1,454,44335.9375,0.0
1,455,44433.59375,0.0
1,456,44531.25,0.0
1,457,44628.90625,0.0
1,458,44726.5625,0.0
1,459,44824.21875,0.0
1,460,44921.875,0.0
1,461,45019.53125,0.0
1,462,45117.1875,0.0
1,463,45214.84375,0.0
1,464,45312.5,0.0
1,465,45410.15625,0.0
1,466,45507.8125,0.0
1,467,45605.46875,0.0
1,468,45703.125,0.0
1,469,45800.78125,0.0
1,470,45898.4375,0.0
1,471,45996.09375,0.0
1,472,46093.75,0.0
1,473,46191.40625,0.0
1,474,46289.0625,0.0
1,475,46386.71875,0.0
1,476,46484.375,0.0
1,477,46582.03125,0.0
1,478,46679.6875,0.0
1,479,46777.34375,0.0
1,480,46875.0,0.0
1,481,46972.65625,0.0
1,482,47070.3125,0.0
1,483,47167.96875,0.0
1,484,47265.625,0.0
1,485,47363.28125,0.0
1,486,47460.9375,0.0
1,487,47558.59375,0.0
1,488,47656.25,0.0
1,489,47753.90625,0.0
1,490,47851.5625,0.0
1,491,47949.21875,0.0
1,492,48046.875,0.0
1,493,48144.53125,0.0
1,494,48242.1875,0.0
1,495,48339.84375,0.0
1,496,48437.5,0.0
1,497,48535.15625,0.0
1,498,48632.8125,0.0
1,499,48730.46875,0.0
1,500,48828.125,0.0
1,501,48925.78125,0.0
1,502,49023.4375,0.0
1,503,49121.09375,0.0
1,504,49218.75,0.0
1,505,49316.40625,0.0
1,506,49414.0625,0.0
1,507,49511.71875,0.0
1,508,49609.375,0.0
1,509,49707.03125,0.0
1,510,49804.6875,0.0
1,511,49902.34375,0.0
