channel,sample,nominal_time_us,amplitude
0,0,0.0,-0.029296875
0,1,80.0,0.1611328125
0,2,160.0,0.3154296875
0,3,240.0,0.3916015625
0,4,320.0,0.37841796875
0,5,400.0,0.27490234375
0,6,480.0,0.10107421875
0,7,560.0,-0.08740234375
0,8,640.0,-0.263671875
0,9,720.0,-0.37548828125
0,10,800.0,-0.39453125
0,11,880.0,-0.3251953125
0,12,960.0,-0.18017578125
0,13,1040.0,0.0126953125
0,14,1120.0,0.19775390625
0,15,1200.0,0.33935546875
0,16,1280.0,0.400390625
0,17,1360.0,0.3662109375
0,18,1440.0,0.244140625
0,19,1520.0,0.064453125
0,20,1600.0,-0.12744140625
0,21,1680.0,-0.29150390625
0,22,1760.0,-0.3857421875
0,23,1840.0,-0.392578125
0,24,1920.0,-0.302734375
0,25,2000.0,-0.1416015625
0,26,2080.0,0.04541015625
0,27,2160.0,0.23193359375
0,28,2240.0,0.3583984375
0,29,2320.0,0.3984375
0,30,2400.0,0.3486328125
0,31,2480.0,0.212890625
0,32,2560.0,0.0283203125
0,33,2640.0,-0.1640625
0,34,2720.0,-0.3154296875
0,35,2800.0,-0.39501953125
0,36,2880.0,-0.38037109375
0,37,2960.0,-0.2744140625
0,38,3040.0,-0.107421875
0,39,3120.0,0.08740234375
0,40,3200.0,0.2626953125
0,41,3280.0,0.37646484375
0,42,3360.0,0.396484375
0,43,3440.0,0.326171875
0,44,3520.0,0.1787109375
0,45,3600.0,-0.01123046875
0,46,3680.0,-0.1962890625
0,47,3760.0,-0.33740234375
0,48,3840.0,-0.40185546875
0,49,3920.0,-0.36474609375
0,50,4000.0,-0.2451171875
0,51,4080.0,-0.06591796875
0,52,4160.0,0.1259765625
0,53,4240.0,0.28857421875
0,54,4320.0,0.3876953125
0,55,4400.0,0.390625
0,56,4480.0,0.3046875
0,57,4560.0,0.14208984375
0,58,4640.0,-0.04931640625
0,59,4720.0,-0.232421875
0,60,4800.0,-0.35693359375
0,61,4880.0,-0.39892578125
0,62,4960.0,-0.34814453125
0,63,5040.0,-0.21044921875
0,64,5120.0,-0.02880859375
0,65,5200.0,0.16357421875
0,66,5280.0,0.3173828125
0,67,5360.0,0.39697265625
0,68,5440.0,0.37939453125
0,69,5520.0,0.275390625
0,70,5600.0,0.10498046875
0,71,5680.0,-0.0908203125
0,72,5760.0,-0.2626953125
0,73,5840.0,-0.375
0,74,5920.0,-0.39599609375
0,75,6000.0,-0.3251953125
0,76,6080.0,-0.1787109375
0,77,6160.0,0.01025390625
0,78,6240.0,0.19775390625
0,79,6320.0,0.33837890625
0,80,6400.0,0.3994140625
0,81,6480.0,0.36669921875
0,82,6560.0,0.24462890625
0,83,6640.0,0.064453125
0,84,6720.0,-0.12451171875
0,85,6800.0,-0.28466796875
0,86,6880.0,-0.3857421875
0,87,6960.0,-0.39208984375
0,88,7040.0,-0.302734375
0,89,7120.0,-0.1416015625
0,90,7200.0,0.048828125
0,91,7280.0,0.2314453125
0,92,7360.0,0.35791015625
0,93,7440.0,0.3974609375
0,94,7520.0,0.3486328125
0,95,7600.0,0.212890625
0,96,7680.0,0.0302734375
0,97,7760.0,-0.1640625
0,98,7840.0,-0.31787109375
0,99,7920.0,-0.392578125
0,100,8000.0,-0.37744140625
0,101,8080.0,-0.2744140625
0,102,8160.0,-0.10595703125
0,103,8240.0,0.08740234375
0,104,8320.0,0.26171875
0,105,8400.0,0.3740234375
0,106,8480.0,0.3984375
0,107,8560.0,0.3271484375
0,108,8640.0,0.177734375
0,109,8720.0,-0.01171875
0,110,8800.0,-0.19091796875
0,111,8880.0,-0.3388671875
0,112,8960.0,-0.400390625
0,113,9040.0,-0.365234375
0,114,9120.0,-0.244140625
0,115,9200.0,-0.06787109375
0,116,9280.0,0.12890625
0,117,9360.0,0.2900390625
0,118,9440.0,0.384765625
0,119,9520.0,0.3916015625
0,120,9600.0,0.3017578125
0,121,9680.0,0.14013671875
0,122,9760.0,-0.0498046875
0,123,9840.0,-0.2294921875
0,124,9920.0,-0.3583984375
0,125,10000.0,-0.40087890625
0,126,10080.0,-0.34765625
0,127,10160.0,-0.212890625
1,0,0.0,-0.02880859375
1,1,80.0,0.16064453125
1,2,160.0,0.31494140625
1,3,240.0,0.39208984375
1,4,320.0,0.3779296875
1,5,400.0,0.275390625
1,6,480.0,0.10107421875
1,7,560.0,-0.08740234375
1,8,640.0,-0.26416015625
1,9,720.0,-0.375
1,10,800.0,-0.39453125
1,11,880.0,-0.3251953125
1,12,960.0,-0.1796875
1,13,1040.0,0.01220703125
1,14,1120.0,0.1982421875
1,15,1200.0,0.3388671875
1,16,1280.0,0.3994140625
1,17,1360.0,0.3662109375
1,18,1440.0,0.244140625
1,19,1520.0,0.06396484375
1,20,1600.0,-0.12646484375
1,21,1680.0,-0.29150390625
1,22,1760.0,-0.384765625
1,23,1840.0,-0.3916015625
1,24,1920.0,-0.302734375
1,25,2000.0,-0.14111328125
1,26,2080.0,0.04541015625
1,27,2160.0,0.23193359375
1,28,2240.0,0.35791015625
1,29,2320.0,0.39892578125
1,30,2400.0,0.34814453125
1,31,2480.0,0.212890625
1,32,2560.0,0.02880859375
1,33,2640.0,-0.16357421875
1,34,2720.0,-0.31494140625
1,35,2800.0,-0.39501953125
1,36,2880.0,-0.38037109375
1,37,2960.0,-0.2744140625
1,38,3040.0,-0.10693359375
1,39,3120.0,0.08740234375
1,40,3200.0,0.2626953125
1,41,3280.0,0.37646484375
1,42,3360.0,0.39599609375
1,43,3440.0,0.32666015625
1,44,3520.0,0.1787109375
1,45,3600.0,-0.0107421875
1,46,3680.0,-0.1962890625
1,47,3760.0,-0.33740234375
1,48,3840.0,-0.4013671875
1,49,3920.0,-0.36474609375
1,50,4000.0,-0.2451171875
1,51,4080.0,-0.06591796875
1,52,4160.0,0.12646484375
1,53,4240.0,0.2890625
1,54,4320.0,0.38720703125
1,55,4400.0,0.39111328125
1,56,4480.0,0.30517578125
1,57,4560.0,0.14208984375
1,58,4640.0,-0.048828125
1,59,4720.0,-0.23193359375
1,60,4800.0,-0.35693359375
1,61,4880.0,-0.39892578125
1,62,4960.0,-0.34765625
1,63,5040.0,-0.21044921875
1,64,5120.0,-0.02783203125
1,65,5200.0,0.1640625
1,66,5280.0,0.31640625
1,67,5360.0,0.396484375
1,68,5440.0,0.37939453125
1,69,5520.0,0.27490234375
1,70,5600.0,0.10546875
1,71,5680.0,-0.0908203125
1,72,5760.0,-0.2626953125
1,73,5840.0,-0.375
1,74,5920.0,-0.39599609375
1,75,6000.0,-0.32470703125
1,76,6080.0,-0.17919921875
1,77,6160.0,0.01123046875
1,78,6240.0,0.197265625
1,79,6320.0,0.33837890625
1,80,6400.0,0.39990234375
1,81,6480.0,0.36669921875
1,82,6560.0,0.24462890625
1,83,6640.0,0.06494140625
1,84,6720.0,-0.12451171875
1,85,6800.0,-0.28515625
1,86,6880.0,-0.3857421875
1,87,6960.0,-0.392578125
1,88,7040.0,-0.30224609375
1,89,7120.0,-0.1416015625
1,90,7200.0,0.048828125
1,91,7280.0,0.23046875
1,92,7360.0,0.357421875
1,93,7440.0,0.39697265625
1,94,7520.0,0.34814453125
1,95,7600.0,0.21337890625
1,96,7680.0,0.0302734375
1,97,7760.0,-0.16357421875
1,98,7840.0,-0.31689453125
1,99,7920.0,-0.39208984375
1,100,8000.0,-0.376953125
1,101,8080.0,-0.2734375
1,102,8160.0,-0.10546875
1,103,8240.0,0.087890625
1,104,8320.0,0.26171875
1,105,8400.0,0.37353515625
1,106,8480.0,0.39892578125
1,107,8560.0,0.3271484375
1,108,8640.0,0.17822265625
1,109,8720.0,-0.01123046875
1,110,8800.0,-0.19140625
1,111,8880.0,-0.3388671875
1,112,8960.0,-0.39990234375
1,113,9040.0,-0.36474609375
1,114,9120.0,-0.24462890625
1,115,9200.0,-0.06787109375
1,116,9280.0,0.12841796875
1,117,9360.0,0.2900390625
1,118,9440.0,0.38525390625
1,119,9520.0,0.39208984375
1,120,9600.0,0.3017578125
1,121,9680.0,0.140625
1,122,9760.0,-0.0498046875
1,123,9840.0,-0.22998046875
1,124,9920.0,-0.35791015625
1,125,10000.0,-0.40087890625
1,126,10080.0,-0.3466796875
1,127,10160.0,-0.212890625
